[{"id":"50010850","date":"2012-05-31","value":0.334353,"tip":"<b>连衣裙</b><br/>搜索点击次数:13938648<br/>占比:33.44%<br/>排名:1<br/>","total":0.332525,"name":"连衣裙"},{"id":"50000671","date":"2012-06-01","value":0.125462,"tip":"<b>T恤</b><br/>搜索点击次数:5230324<br/>占比:12.55%<br/>排名:2<br/>","total":0.127594,"name":"T恤"},{"id":"162116","value":0.066637,"tip":"<b>蕾丝衫/雪纺衫</b><br/>搜索点击次数:2777998<br/>占比:6.66%<br/>排名:3<br/>","total":0.06645,"name":"蕾丝衫/雪纺衫"},{"id":"162104","value":0.054075,"tip":"<b>衬衫</b><br/>搜索点击次数:2254325<br/>占比:5.41%<br/>排名:4<br/>","total":0.055027,"name":"衬衫"},{"id":"162201","value":0.053639,"tip":"<b>休闲裤</b><br/>搜索点击次数:2236141<br/>占比:5.36%<br/>排名:5<br/>","total":0.054337,"name":"休闲裤"},{"id":"1623","value":0.049462,"tip":"<b>半身裙</b><br/>搜索点击次数:2061986<br/>占比:4.95%<br/>排名:6<br/>","total":0.04916,"name":"半身裙"},{"id":"162205","value":0.037125,"tip":"<b>牛仔裤</b><br/>搜索点击次数:1547698<br/>占比:3.71%<br/>排名:7<br/>","total":0.037824,"name":"牛仔裤"},{"id":"50000697","value":0.035307,"tip":"<b>毛针织衫</b><br/>搜索点击次数:1471876<br/>占比:3.53%<br/>排名:8<br/>","total":0.035506,"name":"毛针织衫"},{"id":"50011277","value":0.032276,"tip":"<b>短外套</b><br/>搜索点击次数:1345549<br/>占比:3.23%<br/>排名:9<br/>","total":0.03179,"name":"短外套"},{"id":"162202","value":0.028587,"tip":"<b>短裤/热裤</b><br/>搜索点击次数:1191729<br/>占比:2.86%<br/>排名:10<br/>","total":0.028283,"name":"短裤/热裤"},{"id":"162207","value":0.02797,"tip":"<b>九分裤/七分裤</b><br/>搜索点击次数:1166034<br/>占比:2.8%<br/>排名:11<br/>","total":0.027318,"name":"九分裤/七分裤"},{"id":"50000852","value":0.025219,"tip":"<b>中老年女装</b><br/>搜索点击次数:1051341<br/>占比:2.52%<br/>排名:12<br/>","total":0.025295,"name":"中老年女装"},{"id":"1629","value":0.020925,"tip":"<b>大码女装</b><br/>搜索点击次数:872329<br/>占比:2.09%<br/>排名:13<br/>","total":0.020576,"name":"大码女装"},{"id":"162105","value":0.019997,"tip":"<b>小背心/小吊带</b><br/>搜索点击次数:833634<br/>占比:2%<br/>排名:14<br/>","total":0.01958,"name":"小背心/小吊带"},{"id":"162404","value":0.017255,"tip":"<b>休闲套装</b><br/>搜索点击次数:719321<br/>占比:1.73%<br/>排名:15<br/>","total":0.017204,"name":"休闲套装"},{"id":"50008897","value":0.011289,"tip":"<b>西装</b><br/>搜索点击次数:470638<br/>占比:1.13%<br/>排名:16<br/>","total":0.011272,"name":"西装"},{"id":"50007068","value":0.010083,"tip":"<b>打底裤</b><br/>搜索点击次数:420356<br/>占比:1.01%<br/>排名:17<br/>","total":0.01004,"name":"打底裤"},{"id":"162702","value":0.006294,"tip":"<b>礼服/晚装</b><br/>搜索点击次数:262374<br/>占比:0.63%<br/>排名:18<br/>","total":0.006297,"name":"礼服/晚装"},{"id":"162701","value":0.006021,"tip":"<b>婚纱</b><br/>搜索点击次数:251012<br/>占比:0.6%<br/>排名:19<br/>","total":0.005907,"name":"婚纱"},{"id":"50005065","value":0.005508,"tip":"<b>旗袍</b><br/>搜索点击次数:229637<br/>占比:0.55%<br/>排名:20<br/>","total":0.005481,"name":"旗袍"},{"id":"50008898","value":0.004175,"tip":"<b>卫衣/绒衫</b><br/>搜索点击次数:174056<br/>占比:0.42%<br/>排名:21<br/>","total":0.004263,"name":"卫衣/绒衫"},{"id":"50013196","value":0.003665,"tip":"<b>马夹</b><br/>搜索点击次数:152796<br/>占比:0.37%<br/>排名:22<br/>","total":0.003666,"name":"马夹"},{"id":"50008901","value":0.003611,"tip":"<b>风衣</b><br/>搜索点击次数:150517<br/>占比:0.36%<br/>排名:23<br/>","total":0.003547,"name":"风衣"},{"id":"162203","value":0.003285,"tip":"<b>中裤/五分裤</b><br/>搜索点击次数:136947<br/>占比:0.33%<br/>排名:24<br/>","total":0.003187,"name":"中裤/五分裤"},{"id":"162401","value":0.002944,"tip":"<b>职业女裙套装</b><br/>搜索点击次数:122742<br/>占比:0.29%<br/>排名:25<br/>","total":0.002916,"name":"职业女裙套装"},{"id":"162703","value":0.002785,"tip":"<b>民族服装/舞台装</b><br/>搜索点击次数:116085<br/>占比:0.28%<br/>排名:26<br/>","total":0.002869,"name":"民族服装/舞台装"},{"id":"162103","value":0.002711,"tip":"<b>毛衣</b><br/>搜索点击次数:113002<br/>占比:0.27%<br/>排名:27<br/>","total":0.00276,"name":"毛衣"},{"id":"50008899","value":0.001891,"tip":"<b>羽绒服</b><br/>搜索点击次数:78843<br/>占比:0.19%<br/>排名:28<br/>","total":0.001909,"name":"羽绒服"},{"id":"50013194","value":0.001518,"tip":"<b>毛呢外套</b><br/>搜索点击次数:63282<br/>占比:0.15%<br/>排名:29<br/>","total":0.001534,"name":"毛呢外套"},{"id":"50008904","value":0.001149,"tip":"<b>皮衣</b><br/>搜索点击次数:47882<br/>占比:0.11%<br/>排名:30<br/>","total":0.001126,"name":"皮衣"},{"id":"50003509","value":0.000965,"tip":"<b>上衣</b><br/>搜索点击次数:40232<br/>占比:0.1%<br/>排名:31<br/>","total":0.000971,"name":"上衣"},{"id":"162402","value":0.000901,"tip":"<b>职业女裤套装</b><br/>搜索点击次数:37565<br/>占比:0.09%<br/>排名:32<br/>","total":0.000877,"name":"职业女裤套装"},{"id":"50008905","value":0.000831,"tip":"<b>皮草</b><br/>搜索点击次数:34624<br/>占比:0.08%<br/>排名:33<br/>","total":0.000805,"name":"皮草"},{"id":"50008900","value":0.000743,"tip":"<b>棉衣/棉服</b><br/>搜索点击次数:30993<br/>占比:0.07%<br/>排名:34<br/>","total":0.000745,"name":"棉衣/棉服"},{"id":"50011412","value":0.000323,"tip":"<b>酒店工作制服</b><br/>搜索点击次数:13453<br/>占比:0.03%<br/>排名:35<br/>","total":0.00032,"name":"酒店工作制服"},{"id":"50008903","value":0.000268,"tip":"<b>学生校服</b><br/>搜索点击次数:11189<br/>占比:0.03%<br/>排名:36<br/>","total":0.000287,"name":"学生校服"},{"id":"50011411","value":0.000206,"tip":"<b>医护制服</b><br/>搜索点击次数:8572<br/>占比:0.02%<br/>排名:37<br/>","total":0.000214,"name":"医护制服"},{"id":"50022566","value":0.000195,"tip":"<b>西装裤/正装裤</b><br/>搜索点击次数:8134<br/>占比:0.02%<br/>排名:38<br/>","total":0.000197,"name":"西装裤/正装裤"},{"id":"162403","value":0.000193,"tip":"<b>其它套装</b><br/>搜索点击次数:8026<br/>占比:0.02%<br/>排名:39<br/>","total":0.000189,"name":"其它套装"},{"id":"50003510","value":0.000069,"tip":"<b>裤子</b><br/>搜索点击次数:2868<br/>占比:0.01%<br/>排名:40<br/>","total":0.000066,"name":"裤子"},{"id":"50011413","value":0.000051,"tip":"<b>其它制服</b><br/>搜索点击次数:2113<br/>占比:0.01%<br/>排名:41<br/>","total":0.000049,"name":"其它制服"},{"id":"50003511","value":0.000032,"tip":"<b>裙子</b><br/>搜索点击次数:1341<br/>占比:0%<br/>排名:42<br/>","total":0.000034,"name":"裙子"},{"id":"50026651","value":0.000006,"tip":"<b>棉裤/羽绒裤</b><br/>搜索点击次数:269<br/>占比:0%<br/>排名:43<br/>","total":0.000006,"name":"棉裤/羽绒裤"},{"id":"50010850","date":"2012-05-31","value":0.330612,"tip":"<b>连衣裙</b><br/>搜索点击次数:13165205<br/>占比:33.06%<br/>排名:1<br/>","total":0.332525,"name":"连衣裙"},{"id":"50000671","date":"2012-06-01","value":0.129826,"tip":"<b>T恤</b><br/>搜索点击次数:5169764<br/>占比:12.98%<br/>排名:2<br/>","total":0.127594,"name":"T恤"},{"id":"162116","value":0.066253,"tip":"<b>蕾丝衫/雪纺衫</b><br/>搜索点击次数:2638252<br/>占比:6.63%<br/>排名:3<br/>","total":0.06645,"name":"蕾丝衫/雪纺衫"},{"id":"162104","value":0.056024,"tip":"<b>衬衫</b><br/>搜索点击次数:2230907<br/>占比:5.6%<br/>排名:4<br/>","total":0.055027,"name":"衬衫"},{"id":"162201","value":0.055067,"tip":"<b>休闲裤</b><br/>搜索点击次数:2192802<br/>占比:5.51%<br/>排名:5<br/>","total":0.054337,"name":"休闲裤"},{"id":"1623","value":0.048843,"tip":"<b>半身裙</b><br/>搜索点击次数:1944978<br/>占比:4.88%<br/>排名:6<br/>","total":0.04916,"name":"半身裙"},{"id":"162205","value":0.038555,"tip":"<b>牛仔裤</b><br/>搜索点击次数:1535285<br/>占比:3.86%<br/>排名:7<br/>","total":0.037824,"name":"牛仔裤"},{"id":"50000697","value":0.035714,"tip":"<b>毛针织衫</b><br/>搜索点击次数:1422157<br/>占比:3.57%<br/>排名:8<br/>","total":0.035506,"name":"毛针织衫"},{"id":"50011277","value":0.031281,"tip":"<b>短外套</b><br/>搜索点击次数:1245648<br/>占比:3.13%<br/>排名:9<br/>","total":0.03179,"name":"短外套"},{"id":"162202","value":0.027965,"tip":"<b>短裤/热裤</b><br/>搜索点击次数:1113598<br/>占比:2.8%<br/>排名:10<br/>","total":0.028283,"name":"短裤/热裤"},{"id":"162207","value":0.026635,"tip":"<b>九分裤/七分裤</b><br/>搜索点击次数:1060638<br/>占比:2.66%<br/>排名:11<br/>","total":0.027318,"name":"九分裤/七分裤"},{"id":"50000852","value":0.025375,"tip":"<b>中老年女装</b><br/>搜索点击次数:1010457<br/>占比:2.54%<br/>排名:12<br/>","total":0.025295,"name":"中老年女装"},{"id":"1629","value":0.020211,"tip":"<b>大码女装</b><br/>搜索点击次数:804825<br/>占比:2.02%<br/>排名:13<br/>","total":0.020576,"name":"大码女装"},{"id":"162105","value":0.019143,"tip":"<b>小背心/小吊带</b><br/>搜索点击次数:762305<br/>占比:1.91%<br/>排名:14<br/>","total":0.01958,"name":"小背心/小吊带"},{"id":"162404","value":0.017152,"tip":"<b>休闲套装</b><br/>搜索点击次数:682997<br/>占比:1.72%<br/>排名:15<br/>","total":0.017204,"name":"休闲套装"},{"id":"50008897","value":0.011254,"tip":"<b>西装</b><br/>搜索点击次数:448125<br/>占比:1.13%<br/>排名:16<br/>","total":0.011272,"name":"西装"},{"id":"50007068","value":0.009995,"tip":"<b>打底裤</b><br/>搜索点击次数:398028<br/>占比:1%<br/>排名:17<br/>","total":0.01004,"name":"打底裤"},{"id":"162702","value":0.0063,"tip":"<b>礼服/晚装</b><br/>搜索点击次数:250879<br/>占比:0.63%<br/>排名:18<br/>","total":0.006297,"name":"礼服/晚装"},{"id":"162701","value":0.005787,"tip":"<b>婚纱</b><br/>搜索点击次数:230439<br/>占比:0.58%<br/>排名:19<br/>","total":0.005907,"name":"婚纱"},{"id":"50005065","value":0.005452,"tip":"<b>旗袍</b><br/>搜索点击次数:217113<br/>占比:0.55%<br/>排名:20<br/>","total":0.005481,"name":"旗袍"},{"id":"50008898","value":0.004355,"tip":"<b>卫衣/绒衫</b><br/>搜索点击次数:173428<br/>占比:0.44%<br/>排名:21<br/>","total":0.004263,"name":"卫衣/绒衫"},{"id":"50013196","value":0.003666,"tip":"<b>马夹</b><br/>搜索点击次数:145979<br/>占比:0.37%<br/>排名:22<br/>","total":0.003666,"name":"马夹"},{"id":"50008901","value":0.003479,"tip":"<b>风衣</b><br/>搜索点击次数:138556<br/>占比:0.35%<br/>排名:23<br/>","total":0.003547,"name":"风衣"},{"id":"162203","value":0.003085,"tip":"<b>中裤/五分裤</b><br/>搜索点击次数:122863<br/>占比:0.31%<br/>排名:24<br/>","total":0.003187,"name":"中裤/五分裤"},{"id":"162703","value":0.002956,"tip":"<b>民族服装/舞台装</b><br/>搜索点击次数:117730<br/>占比:0.3%<br/>排名:25<br/>","total":0.002869,"name":"民族服装/舞台装"},{"id":"162401","value":0.002886,"tip":"<b>职业女裙套装</b><br/>搜索点击次数:114904<br/>占比:0.29%<br/>排名:26<br/>","total":0.002916,"name":"职业女裙套装"},{"id":"162103","value":0.002812,"tip":"<b>毛衣</b><br/>搜索点击次数:111969<br/>占比:0.28%<br/>排名:27<br/>","total":0.00276,"name":"毛衣"},{"id":"50008899","value":0.001928,"tip":"<b>羽绒服</b><br/>搜索点击次数:76758<br/>占比:0.19%<br/>排名:28<br/>","total":0.001909,"name":"羽绒服"},{"id":"50013194","value":0.00155,"tip":"<b>毛呢外套</b><br/>搜索点击次数:61723<br/>占比:0.16%<br/>排名:29<br/>","total":0.001534,"name":"毛呢外套"},{"id":"50008904","value":0.001103,"tip":"<b>皮衣</b><br/>搜索点击次数:43928<br/>占比:0.11%<br/>排名:30<br/>","total":0.001126,"name":"皮衣"},{"id":"50003509","value":0.000977,"tip":"<b>上衣</b><br/>搜索点击次数:38890<br/>占比:0.1%<br/>排名:31<br/>","total":0.000971,"name":"上衣"},{"id":"162402","value":0.000852,"tip":"<b>职业女裤套装</b><br/>搜索点击次数:33909<br/>占比:0.09%<br/>排名:32<br/>","total":0.000877,"name":"职业女裤套装"},{"id":"50008905","value":0.000779,"tip":"<b>皮草</b><br/>搜索点击次数:31007<br/>占比:0.08%<br/>排名:33<br/>","total":0.000805,"name":"皮草"},{"id":"50008900","value":0.000746,"tip":"<b>棉衣/棉服</b><br/>搜索点击次数:29719<br/>占比:0.07%<br/>排名:34<br/>","total":0.000745,"name":"棉衣/棉服"},{"id":"50011412","value":0.000317,"tip":"<b>酒店工作制服</b><br/>搜索点击次数:12637<br/>占比:0.03%<br/>排名:35<br/>","total":0.00032,"name":"酒店工作制服"},{"id":"50008903","value":0.000305,"tip":"<b>学生校服</b><br/>搜索点击次数:12165<br/>占比:0.03%<br/>排名:36<br/>","total":0.000287,"name":"学生校服"},{"id":"50011411","value":0.000223,"tip":"<b>医护制服</b><br/>搜索点击次数:8884<br/>占比:0.02%<br/>排名:37<br/>","total":0.000214,"name":"医护制服"},{"id":"50022566","value":0.000199,"tip":"<b>西装裤/正装裤</b><br/>搜索点击次数:7911<br/>占比:0.02%<br/>排名:38<br/>","total":0.000197,"name":"西装裤/正装裤"},{"id":"162403","value":0.000185,"tip":"<b>其它套装</b><br/>搜索点击次数:7359<br/>占比:0.02%<br/>排名:39<br/>","total":0.000189,"name":"其它套装"},{"id":"50003510","value":0.000062,"tip":"<b>裤子</b><br/>搜索点击次数:2486<br/>占比:0.01%<br/>排名:40<br/>","total":0.000066,"name":"裤子"},{"id":"50011413","value":0.000047,"tip":"<b>其它制服</b><br/>搜索点击次数:1886<br/>占比:0%<br/>排名:41<br/>","total":0.000049,"name":"其它制服"},{"id":"50003511","value":0.000036,"tip":"<b>裙子</b><br/>搜索点击次数:1431<br/>占比:0%<br/>排名:42<br/>","total":0.000034,"name":"裙子"},{"id":"50026651","value":0.000005,"tip":"<b>棉裤/羽绒裤</b><br/>搜索点击次数:218<br/>占比:0%<br/>排名:43<br/>","total":0.000006,"name":"棉裤/羽绒裤"}]